<?xml version="1.0" encoding="utf-8" standalone="yes" ?>
<rss version="2.0" xmlns:atom="http://www.w3.org/2005/Atom">
  <channel>
    <title>Pebbl - PHP Web Hosting</title>
    <link>http://localhost:1313/</link>
    <description>Recent content on Pebbl - PHP Web Hosting</description>
    <generator>Hugo -- gohugo.io</generator>
    <language>en-gb</language>
    <copyright>Pebbl</copyright>
    <atom:link href="http://localhost:1313/index.xml" rel="self" type="application/rss+xml" />
    
  </channel>
</rss>